{
  "Ansi 0 Color" : {
    "Green Component" : 0.12941177189350128,
    "Red Component" : 0.12941177189350128,
    "Blue Component" : 0.12941177189350128
  },
  "Tags" : [

  ],
  "Ansi 12 Color" : {
    "Green Component" : 0.64410710334777832,
    "Red Component" : 0.32856267690658569,
    "Blue Component" : 0.95445334911346436
  },
  "Ansi 5 Color" : {
    "Green Component" : 0,
    "Red Component" : 0.33559250831604004,
    "Blue Component" : 0.53314954042434692
  },
  "Guid" : "A048DE91-8148-4EF9-822A-EA98F03380B3",
  "Bold Color" : {
    "Green Component" : 0.078879080712795258,
    "Red Component" : 0.718147873878479,
    "Blue Component" : 0.12038997560739517
  },
  "Ansi 7 Color" : {
    "Green Component" : 0.93607044219970703,
    "Red Component" : 0.93609845638275146,
    "Blue Component" : 0.93608629703521729
  },
  "Ansi 8 Color" : {
    "Green Component" : 0.25882354378700256,
    "Red Component" : 0.25882354378700256,
    "Blue Component" : 0.25882354378700256
  },
  "Ansi 9 Color" : {
    "Green Component" : 0.23034398257732391,
    "Red Component" : 0.90986210107803345,
    "Blue Component" : 0.24844314157962799
  },
  "Rows" : 50,
  "Default Bookmark" : "No",
  "Link Color" : {
    "Red Component" : 0,
    "Color Space" : "sRGB",
    "Blue Component" : 0.73422706127166748,
    "Alpha Component" : 1,
    "Green Component" : 0.35915297269821167
  },
  "Horizontal Spacing" : 1,
  "Cursor Guide Color" : {
    "Red Component" : 0.70214027166366577,
    "Color Space" : "sRGB",
    "Blue Component" : 1,
    "Alpha Component" : 0.25,
    "Green Component" : 0.92681378126144409
  },
  "Non-ASCII Anti Aliased" : true,
  "Use Bright Bold" : true,
  "Show Mark Indicators" : false,
  "Ansi 10 Color" : {
    "Green Component" : 0.73019099235534668,
    "Red Component" : 0.47961589694023132,
    "Blue Component" : 0.22740326821804047
  },
  "Ambiguous Double Width" : false,
  "Jobs to Ignore" : [
    "rlogin",
    "ssh",
    "slogin",
    "telnet"
  ],
  "Ansi 15 Color" : {
    "Green Component" : 0.84936714172363281,
    "Red Component" : 0.8493925929069519,
    "Blue Component" : 0.84938156604766846
  },
  "Foreground Color" : {
    "Green Component" : 0.89727580547332764,
    "Red Component" : 0.89730262756347656,
    "Blue Component" : 0.89729100465774536
  },
  "Bound Hosts" : [

  ],
  "Working Directory" : "\/Users\/deon\/workspace",
  "Blinking Cursor" : false,
  "Disable Window Resizing" : true,
  "Sync Title" : false,
  "Prompt Before Closing 2" : false,
  "BM Growl" : true,
  "Command" : "",
  "Description" : "Default",
  "Mouse Reporting" : true,
  "Screen" : -1,
  "Selection Color" : {
    "Green Component" : 0.87323933839797974,
    "Red Component" : 0.87326544523239136,
    "Blue Component" : 0.87325412034988403
  },
  "Columns" : 200,
  "Idle Code" : 0,
  "Ansi 13 Color" : {
    "Green Component" : 0.30266252160072327,
    "Red Component" : 0.66606861352920532,
    "Blue Component" : 0.73656630516052246
  },
  "Brighten Bold Text" : true,
  "Custom Command" : "No",
  "ASCII Anti Aliased" : true,
  "Custom Locale" : "en_GB.UTF-8",
  "Non Ascii Font" : "Monaco 12",
  "Vertical Spacing" : 1,
  "Use Bold Font" : true,
  "Option Key Sends" : 0,
  "Selected Text Color" : {
    "Green Component" : 0.23922491073608398,
    "Red Component" : 0.23923206329345703,
    "Blue Component" : 0.23922896385192871
  },
  "Background Color" : {
    "Green Component" : 0.13542565703392029,
    "Red Component" : 0.13533444702625275,
    "Blue Component" : 0.13233847916126251
  },
  "Character Encoding" : 4,
  "Ansi 11 Color" : {
    "Green Component" : 0.91622048616409302,
    "Red Component" : 0.99857872724533081,
    "Blue Component" : 0.18199658393859863
  },
  "Use Italic Font" : true,
  "Unlimited Scrollback" : false,
  "Keyboard Map" : {

  },
  "Window Type" : 0,
  "Initial Text" : "",
  "Background Image Location" : "",
  "Blur" : false,
  "Badge Color" : {
    "Red Component" : 1,
    "Color Space" : "sRGB",
    "Blue Component" : 0,
    "Alpha Component" : 0.5,
    "Green Component" : 0.14910027384757996
  },
  "Scrollback Lines" : 1000,
  "Send Code When Idle" : false,
  "Close Sessions On End" : true,
  "Terminal Type" : "xterm-256color",
  "Visual Bell" : true,
  "Flashing Bell" : false,
  "Silence Bell" : false,
  "Use Underline Color" : false,
  "Ansi 14 Color" : {
    "Green Component" : 0.73243516683578491,
    "Red Component" : 0.14981316030025482,
    "Blue Component" : 0.82006889581680298
  },
  "Name" : "my-theme",
  "Cursor Text Color" : {
    "Green Component" : 0.87323933839797974,
    "Red Component" : 0.87326544523239136,
    "Blue Component" : 0.87325412034988403
  },
  "Shortcut" : "",
  "Cursor Color" : {
    "Green Component" : 0.6861264705657959,
    "Red Component" : 0.086931481957435608,
    "Blue Component" : 0.79186719655990601
  },
  "Transparency" : 0,
  "Ansi 1 Color" : {
    "Green Component" : 0.078879080712795258,
    "Red Component" : 0.718147873878479,
    "Blue Component" : 0.12038997560739517
  },
  "Ansi 2 Color" : {
    "Green Component" : 0.4825465977191925,
    "Red Component" : 0.27130207419395447,
    "Blue Component" : 0.13958784937858582
  },
  "Ansi 3 Color" : {
    "Green Component" : 0.59536725282669067,
    "Red Component" : 0.96285504102706909,
    "Blue Component" : 0.11582206189632416
  },
  "Ansi 4 Color" : {
    "Green Component" : 0.3064875602722168,
    "Red Component" : 0.07626015692949295,
    "Blue Component" : 0.69954341650009155
  },
  "Set Local Environment Vars" : 2,
  "Use Non-ASCII Font" : false,
  "Right Option Key Sends" : 0,
  "Has Hotkey" : false,
  "Normal Font" : "MenloForPowerline-Regular 14",
  "Ansi 6 Color" : {
    "Green Component" : 0.44183778762817383,
    "Red Component" : 0.056145597249269485,
    "Blue Component" : 0.48725795745849609
  },
  "Custom Directory" : "Yes"
}